Date,Time,Latitude,Longitude,Type,Depth,Depth Error,Depth Seismic Stations,Magnitude,Magnitude Type,Magnitude Error,Magnitude Seismic Stations,Azimuthal Gap,Horizontal Distance,Horizontal Error,Root Mean Square,ID,Source,Location Source,Magnitude Source,Status,Timestamp,MagnitudeLevel,Distance_km
01/02/1965,13:44:18,19.246,145.616,Earthquake,131.6,,,6,MW,,,,,,,ISCGEM860706,ISCGEM,ISCGEM,ISCGEM,Automatic,1965-01-02T13:44:18.000+05:30,Moderate,15698.798
01/04/1965,11:29:49,1.863,127.352,Earthquake,80.0,,,5,MW,,,,,,,ISCGEM860737,ISCGEM,ISCGEM,ISCGEM,Automatic,1965-01-04T11:29:49.000+05:30,Moderate,14158.326
01/05/1965,18:05:58,-20.579,-173.972,Earthquake,20.0,,,6,MW,,,,,,,ISCGEM860762,ISCGEM,ISCGEM,ISCGEM,Automatic,1965-01-05T18:05:58.000+05:30,Moderate,17634.75
01/08/1965,18:49:43,-59.076,-23.557,Earthquake,15.0,,,5,MW,,,,,,,ISCGEM860856,ISCGEM,ISCGEM,ISCGEM,Automatic,1965-01-08T18:49:43.000+05:30,Moderate,6882.5195
01/09/1965,13:32:50,11.938,126.427,Earthquake,15.0,,,5,MW,,,,,,,ISCGEM860890,ISCGEM,ISCGEM,ISCGEM,Automatic,1965-01-09T13:32:50.000+05:30,Moderate,13956.939
01/10/1965,13:36:32,-13.405,166.629,Earthquake,35.0,,,6,MW,,,,,,,ISCGEM860922,ISCGEM,ISCGEM,ISCGEM,Automatic,1965-01-10T13:36:32.000+05:30,Moderate,17919.447
01/12/1965,13:32:25,27.357,87.867,Earthquake,20.0,,,5,MW,,,,,,,ISCGEM861007,ISCGEM,ISCGEM,ISCGEM,Automatic,1965-01-12T13:32:25.000+05:30,Moderate,9796.9
01/15/1965,23:17:42,-13.309,166.212,Earthquake,35.0,,,6,MW,,,,,,,ISCGEM861111,ISCGEM,ISCGEM,ISCGEM,Automatic,1965-01-15T23:17:42.000+05:30,Moderate,17894.225
01/16/1965,11:32:37,-56.452,-27.043,Earthquake,95.0,,,6,MW,,,,,,,ISCGEMSUP861125,ISCGEMSUP,ISCGEM,ISCGEM,Automatic,1965-01-16T11:32:37.000+05:30,Moderate,6728.832
01/17/1965,10:43:17,-24.563,178.487,Earthquake,565.0,,,5,MW,,,,,,,ISCGEM861148,ISCGEM,ISCGEM,ISCGEM,Automatic,1965-01-17T10:43:17.000+05:30,Moderate,17278.95
01/17/1965,20:57:41,-6.807,108.988,Earthquake,227.9,,,5,MW,,,,,,,ISCGEM861155,ISCGEM,ISCGEM,ISCGEM,Automatic,1965-01-17T20:57:41.000+05:30,Moderate,12103.466
01/24/1965,00:11:17,-2.608,125.952,Earthquake,20.0,,,8,MW,,,,,,,ISCGEM861299,ISCGEM,ISCGEM,ISCGEM,Automatic,1965-01-24T00:11:17.000+05:30,High,14000.438
01/29/1965,09:35:30,54.636,161.703,Earthquake,55.0,,,5,MW,,,,,,,ISCGEM861461,ISCGEM,ISCGEM,ISCGEM,Automatic,1965-01-29T09:35:30.000+05:30,Moderate,13714.029
02/01/1965,05:27:06,-18.697,-177.864,Earthquake,482.9,,,5,MW,,,,,,,ISCGEM859136,ISCGEM,ISCGEM,ISCGEM,Automatic,1965-02-01T05:27:06.000+05:30,Moderate,17923.033
02/02/1965,15:56:51,37.523,73.251,Earthquake,15.0,,,6,MW,,,,,,,ISCGEM859164,ISCGEM,ISCGEM,ISCGEM,Automatic,1965-02-02T15:56:51.000+05:30,Moderate,8538.416
02/04/1965,03:25:00,-51.84,139.741,Earthquake,10.0,,,6,MW,,,,,,,ISCGEM859200,ISCGEM,ISCGEM,ISCGEM,Automatic,1965-02-04T03:25:00.000+05:30,Moderate,13135.703
02/04/1965,05:01:22,51.251,178.715,Earthquake,30.3,,,8,MW,,,,,,,OFFICIAL19650204050122_30,OFFICIAL,ISCGEM,OFFICIAL,Automatic,1965-02-04T05:01:22.000+05:30,High,14314.95
02/04/1965,06:04:59,51.639,175.055,Earthquake,30.0,,,6,MW,,,,,,,ISCGEMSUP859215,ISCGEMSUP,ISCGEM,ISCGEM,Automatic,1965-02-04T06:04:59.000+05:30,Moderate,14254.345
02/04/1965,06:37:06,52.528,172.007,Earthquake,25.0,,,5,MW,,,,,,,ISCGEM859221,ISCGEM,ISCGEM,ISCGEM,Automatic,1965-02-04T06:37:06.000+05:30,Moderate,14126.929
02/04/1965,06:39:32,51.626,175.746,Earthquake,25.0,,,5,MW,,,,,,,ISCGEM859222,ISCGEM,ISCGEM,ISCGEM,Automatic,1965-02-04T06:39:32.000+05:30,Moderate,14260.65
02/04/1965,07:11:23,51.037,177.848,Earthquake,25.0,,,5,MW,,,,,,,ISCGEMSUP859230,ISCGEMSUP,ISCGEM,ISCGEM,Automatic,1965-02-04T07:11:23.000+05:30,Moderate,14336.398
02/04/1965,07:14:59,51.73,173.975,Earthquake,20.0,,,5,MW,,,,,,,ISCGEM859231,ISCGEM,ISCGEM,ISCGEM,Automatic,1965-02-04T07:14:59.000+05:30,Moderate,14235.258
02/04/1965,07:23:12,51.775,173.058,Earthquake,10.0,,,5,MW,,,,,,,ISCGEM859233,ISCGEM,ISCGEM,ISCGEM,Automatic,1965-02-04T07:23:12.000+05:30,Moderate,14221.266
02/04/1965,07:43:43,52.611,172.588,Earthquake,24.0,,,5,MW,,,,,,,ISCGEMSUP859241,ISCGEMSUP,ISCGEM,ISCGEM,Automatic,1965-02-04T07:43:43.000+05:30,Moderate,14124.424
02/04/1965,08:06:17,51.831,174.368,Earthquake,31.8,,,5,MW,,,,,,,ISCGEM859252,ISCGEM,ISCGEM,ISCGEM,Automatic,1965-02-04T08:06:17.000+05:30,Moderate,14227.6045
02/04/1965,08:33:41,51.948,173.969,Earthquake,20.0,,,5,MW,,,,,,,ISCGEM859261,ISCGEM,ISCGEM,ISCGEM,Automatic,1965-02-04T08:33:41.000+05:30,Moderate,14211.178
02/04/1965,08:40:44,51.443,179.605,Earthquake,30.0,,,7,MW,,,,,,,ISCGEM859264,ISCGEM,ISCGEM,ISCGEM,Automatic,1965-02-04T08:40:44.000+05:30,High,14294.766
02/04/1965,12:06:08,52.773,171.974,Earthquake,30.0,,,6,MW,,,,,,,ISCGEM859324,ISCGEM,ISCGEM,ISCGEM,Automatic,1965-02-04T12:06:08.000+05:30,Moderate,14099.716
02/04/1965,12:50:59,51.772,174.696,Earthquake,20.0,,,5,MW,,,,,,,ISCGEM859333,ISCGEM,ISCGEM,ISCGEM,Automatic,1965-02-04T12:50:59.000+05:30,Moderate,14236.844
02/04/1965,14:18:29,52.975,171.091,Earthquake,25.0,,,6,MW,,,,,,,ISCGEM859358,ISCGEM,ISCGEM,ISCGEM,Automatic,1965-02-04T14:18:29.000+05:30,Moderate,14066.76
02/04/1965,15:51:25,52.99,170.874,Earthquake,25.0,,,5,MW,,,,,,,ISCGEM859376,ISCGEM,ISCGEM,ISCGEM,Automatic,1965-02-04T15:51:25.000+05:30,Moderate,14062.292
02/04/1965,18:34:12,51.536,175.045,Earthquake,25.0,,,5,MW,,,,,,,ISCGEM859400,ISCGEM,ISCGEM,ISCGEM,Automatic,1965-02-04T18:34:12.000+05:30,Moderate,14265.652
02/04/1965,19:44:04,13.245,-44.922,Earthquake,10.0,,,5,MW,,,,,,,ISCGEM859419,ISCGEM,ISCGEM,ISCGEM,Automatic,1965-02-04T19:44:04.000+05:30,Moderate,5162.8394
02/04/1965,22:30:03,51.812,174.206,Earthquake,10.0,,,5,MW,,,,,,,ISCGEM859449,ISCGEM,ISCGEM,ISCGEM,Automatic,1965-02-04T22:30:03.000+05:30,Moderate,14228.294
02/05/1965,06:39:50,51.762,174.841,Earthquake,25.0,,,5,MW,,,,,,,ISCGEM859516,ISCGEM,ISCGEM,ISCGEM,Automatic,1965-02-05T06:39:50.000+05:30,Moderate,14239.104
02/05/1965,09:32:11,52.438,174.321,Earthquake,39.5,,,6,MW,,,,,,,ISCGEM859539,ISCGEM,ISCGEM,ISCGEM,Automatic,1965-02-05T09:32:11.000+05:30,Moderate,14160.234
02/05/1965,13:38:47,51.946,173.84,Earthquake,30.0,,,5,MW,,,,,,,ISCGEM859570,ISCGEM,ISCGEM,ISCGEM,Automatic,1965-02-05T13:38:47.000+05:30,Moderate,14210.21
02/05/1965,20:47:12,51.738,174.566,Earthquake,20.0,,,6,MW,,,,,,,ISCGEM859611,ISCGEM,ISCGEM,ISCGEM,Automatic,1965-02-05T20:47:12.000+05:30,Moderate,14239.534
02/05/1965,22:16:02,51.487,176.558,Earthquake,30.4,,,5,MW,,,,,,,ISCGEM859620,ISCGEM,ISCGEM,ISCGEM,Automatic,1965-02-05T22:16:02.000+05:30,Moderate,14280.853
02/06/1965,01:40:32,53.008,-162.008,Earthquake,17.8,,,6,MW,,,,,,,ISCGEM859637,ISCGEM,ISCGEM,ISCGEM,Automatic,1965-02-06T01:40:32.000+05:30,Moderate,13889.288
02/06/1965,04:02:54,52.184,175.505,Earthquake,27.7,,,6,MW,,,,,,,ISCGEM859650,ISCGEM,ISCGEM,ISCGEM,Automatic,1965-02-06T04:02:54.000+05:30,Moderate,14197.296
02/06/1965,07:14:45,52.076,172.918,Earthquake,30.1,,,5,MW,,,,,,,ISCGEM859669,ISCGEM,ISCGEM,ISCGEM,Automatic,1965-02-06T07:14:45.000+05:30,Moderate,14186.715
02/06/1965,12:22:28,51.744,175.213,Earthquake,37.4,,,5,MW,,,,,,,ISCGEM859693,ISCGEM,ISCGEM,ISCGEM,Automatic,1965-02-06T12:22:28.000+05:30,Moderate,14243.912
02/06/1965,14:11:11,52.057,174.116,Earthquake,17.5,,,5,MW,,,,,,,ISCGEM859699,ISCGEM,ISCGEM,ISCGEM,Automatic,1965-02-06T14:11:11.000+05:30,Moderate,14200.483
02/06/1965,16:50:29,53.191,-161.859,Earthquake,22.5,,,6,MW,,,,,,,ISCGEM859712,ISCGEM,ISCGEM,ISCGEM,Automatic,1965-02-06T16:50:29.000+05:30,Moderate,13866.689
02/06/1965,18:10:30,51.447,176.469,Earthquake,25.2,,,5,MW,,,,,,,ISCGEM859718,ISCGEM,ISCGEM,ISCGEM,Automatic,1965-02-06T18:10:30.000+05:30,Moderate,14284.809
02/07/1965,02:17:08,51.258,173.393,Earthquake,17.7,,,5,MW,,,,,,,ISCGEM859754,ISCGEM,ISCGEM,ISCGEM,Automatic,1965-02-07T02:17:08.000+05:30,Moderate,14281.58
02/07/1965,04:11:22,52.031,175.411,Earthquake,25.0,,,5,MW,,,,,,,ISCGEM859764,ISCGEM,ISCGEM,ISCGEM,Automatic,1965-02-07T04:11:22.000+05:30,Moderate,14213.58
02/07/1965,09:25:52,51.294,179.092,Earthquake,25.0,,,5,MW,,,,,,,ISCGEM859786,ISCGEM,ISCGEM,ISCGEM,Automatic,1965-02-07T09:25:52.000+05:30,Moderate,14310.813
02/08/1965,15:46:52,55.223,165.426,Earthquake,32.5,,,5,MW,,,,,,,ISCGEM859882,ISCGEM,ISCGEM,ISCGEM,Automatic,1965-02-08T15:46:52.000+05:30,Moderate,13733.291
02/09/1965,05:42:05,-18.718,169.386,Earthquake,200.0,,,5,MW,,,,,,,ISCGEM859915,ISCGEM,ISCGEM,ISCGEM,Automatic,1965-02-09T05:42:05.000+05:30,Moderate,17632.88
02/09/1965,17:37:17,52.815,171.904,Earthquake,30.0,,,6,MW,,,,,,,ISCGEM859942,ISCGEM,ISCGEM,ISCGEM,Automatic,1965-02-09T17:37:17.000+05:30,Moderate,14094.293
02/12/1965,00:55:10,52.188,172.752,Earthquake,25.0,,,5,MW,,,,,,,ISCGEM860051,ISCGEM,ISCGEM,ISCGEM,Automatic,1965-02-12T00:55:10.000+05:30,Moderate,14172.635
02/15/1965,01:25:07,51.009,179.325,Earthquake,20.0,,,5,MW,,,,,,,ISCGEM860189,ISCGEM,ISCGEM,ISCGEM,Automatic,1965-02-15T01:25:07.000+05:30,Moderate,14342.787
02/15/1965,10:43:29,3.026,125.951,Earthquake,100.0,,,5,MW,,,,,,,ISCGEMSUP860207,ISCGEMSUP,ISCGEM,ISCGEM,Automatic,1965-02-15T10:43:29.000+05:30,Moderate,13998.672
02/16/1965,12:24:10,38.908,142.095,Earthquake,53.5,,,5,MW,,,,,,,ISCGEM860246,ISCGEM,ISCGEM,ISCGEM,Automatic,1965-02-16T12:24:10.000+05:30,Moderate,14219.435
02/17/1965,10:18:51,51.694,176.446,Earthquake,30.0,,,5,MW,,,,,,,ISCGEM860280,ISCGEM,ISCGEM,ISCGEM,Automatic,1965-02-17T10:18:51.000+05:30,Moderate,14257.304
02/17/1965,18:23:57,21.527,143.081,Earthquake,340.0,,,5,MW,,,,,,,ISCGEM860296,ISCGEM,ISCGEM,ISCGEM,Automatic,1965-02-17T18:23:57.000+05:30,Moderate,15350.353
02/18/1965,04:26:37,25.011,94.186,Earthquake,55.0,,,5,MW,,,,,,,ISCGEM860307,ISCGEM,ISCGEM,ISCGEM,Automatic,1965-02-18T04:26:37.000+05:30,Moderate,10429.29
02/18/1965,22:39:48,-7.251,126.715,Earthquake,35.0,,,5,MW,,,,,,,ISCGEM860339,ISCGEM,ISCGEM,ISCGEM,Automatic,1965-02-18T22:39:48.000+05:30,Moderate,14052.151
02/18/1965,23:13:40,51.415,179.358,Earthquake,40.4,,,5,MW,,,,,,,ISCGEM860340,ISCGEM,ISCGEM,ISCGEM,Automatic,1965-02-18T23:13:40.000+05:30,Moderate,14297.681
02/21/1965,11:14:18,-15.343,-172.889,Earthquake,35.0,,,5,MW,,,,,,,ISCGEM860442,ISCGEM,ISCGEM,ISCGEM,Automatic,1965-02-21T11:14:18.000+05:30,Moderate,18138.697
02/23/1965,22:11:47,-25.633,-70.679,Earthquake,35.0,,,7,MW,,,,,,,ISCGEM860516,ISCGEM,ISCGEM,ISCGEM,Automatic,1965-02-23T22:11:47.000+05:30,High,8077.709
02/25/1965,04:51:29,-5.461,151.98,Earthquake,40.0,,,6,MW,,,,,,,ISCGEM860551,ISCGEM,ISCGEM,ISCGEM,Automatic,1965-02-25T04:51:29.000+05:30,Moderate,16845.494
02/25/1965,05:22:14,51.884,173.072,Earthquake,20.3,,,6,MW,,,,,,,ISCGEM860552,ISCGEM,ISCGEM,ISCGEM,Automatic,1965-02-25T05:22:14.000+05:30,Moderate,14209.436
02/26/1965,23:36:14,6.746,-72.971,Earthquake,160.0,,,5,MW,,,,,,,ISCGEM860605,ISCGEM,ISCGEM,ISCGEM,Automatic,1965-02-26T23:36:14.000+05:30,Moderate,8127.5103
02/27/1965,07:46:25,28.133,-112.208,Earthquake,10.0,,,6,MW,,,,,,,ISCGEM860614,ISCGEM,ISCGEM,ISCGEM,Automatic,1965-02-27T07:46:25.000+05:30,Moderate,12172.5205
03/01/1965,07:20:56,-5.377,152.115,Earthquake,30.0,,,5,MW,,,,,,,ISCGEM858179,ISCGEM,ISCGEM,ISCGEM,Automatic,1965-03-01T07:20:56.000+05:30,Moderate,16861.844
03/01/1965,08:18:57,21.104,121.218,Earthquake,30.0,,,5,MW,,,,,,,ISCGEM858182,ISCGEM,ISCGEM,ISCGEM,Automatic,1965-03-01T08:18:57.000+05:30,Moderate,13222.899
03/01/1965,09:08:48,-5.371,152.055,Earthquake,40.0,,,5,MW,,,,,,,ISCGEM858184,ISCGEM,ISCGEM,ISCGEM,Automatic,1965-03-01T09:08:48.000+05:30,Moderate,16855.42
03/01/1965,13:20:57,21.122,121.148,Earthquake,30.0,,,5,MW,,,,,,,ISCGEM858191,ISCGEM,ISCGEM,ISCGEM,Automatic,1965-03-01T13:20:57.000+05:30,Moderate,13215.378
03/01/1965,19:22:04,52.204,173.911,Earthquake,33.6,,,5,MW,,,,,,,ISCGEM858198,ISCGEM,ISCGEM,ISCGEM,Automatic,1965-03-01T19:22:04.000+05:30,Moderate,14182.4375
03/01/1965,21:32:14,15.404,-92.623,Earthquake,105.2,,,5,MW,,,,,,,ISCGEM858202,ISCGEM,ISCGEM,ISCGEM,Automatic,1965-03-01T21:32:14.000+05:30,Moderate,10288.724
03/02/1965,22:00:05,38.399,28.226,Earthquake,10.0,,,5,MW,,,,,,,ISCGEM858256,ISCGEM,ISCGEM,ISCGEM,Automatic,1965-03-02T22:00:05.000+05:30,Moderate,5151.578
03/03/1965,14:39:02,-27.145,-177.262,Earthquake,15.0,,,5,MW,,,,,,,ISCGEM858295,ISCGEM,ISCGEM,ISCGEM,Automatic,1965-03-03T14:39:02.000+05:30,Moderate,16982.545
03/03/1965,15:14:08,-5.514,151.819,Earthquake,14.8,,,6,MW,,,,,,,ISCGEM858296,ISCGEM,ISCGEM,ISCGEM,Automatic,1965-03-03T15:14:08.000+05:30,Moderate,16826.914
03/03/1965,16:47:28,53.046,171.308,Earthquake,25.7,,,6,MW,,,,,,,ISCGEM858298,ISCGEM,ISCGEM,ISCGEM,Automatic,1965-03-03T16:47:28.000+05:30,Moderate,14061.771
03/04/1965,01:48:56,-5.487,146.993,Earthquake,200.0,,,5,MW,,,,,,,ISCGEM858312,ISCGEM,ISCGEM,ISCGEM,Automatic,1965-03-04T01:48:56.000+05:30,Moderate,16300.177
03/05/1965,06:15:04,50.928,179.511,Earthquake,30.0,,,5,MW,,,,,,,ISCGEM858343,ISCGEM,ISCGEM,ISCGEM,Automatic,1965-03-05T06:15:04.000+05:30,Moderate,14351.963
03/05/1965,13:42:47,52.39,174.937,Earthquake,35.0,,,5,MW,,,,,,,ISCGEM858354,ISCGEM,ISCGEM,ISCGEM,Automatic,1965-03-05T13:42:47.000+05:30,Moderate,14170.457
03/05/1965,14:32:18,-27.027,-63.214,Earthquake,560.8,,,5,MW,,,,,,,ISCGEM858356,ISCGEM,ISCGEM,ISCGEM,Automatic,1965-03-05T14:32:18.000+05:30,Moderate,7375.728
03/05/1965,17:59:16,52.416,174.239,Earthquake,35.0,,,5,MW,,,,,,,ISCGEM858362,ISCGEM,ISCGEM,ISCGEM,Automatic,1965-03-05T17:59:16.000+05:30,Moderate,14161.964
03/06/1965,11:10:51,-18.425,-132.923,Earthquake,10.0,,,5,MW,,,,,,,ISCGEM858385,ISCGEM,ISCGEM,ISCGEM,Automatic,1965-03-06T11:10:51.000+05:30,Moderate,14482.9795
03/06/1965,20:23:57,20.13,121.461,Earthquake,45.0,,,5,MW,,,,,,,ISCGEM858396,ISCGEM,ISCGEM,ISCGEM,Automatic,1965-03-06T20:23:57.000+05:30,Moderate,13270.332
03/07/1965,01:43:11,-29.998,-177.968,Earthquake,50.0,,,6,MW,,,,,,,ISCGEM858401,ISCGEM,ISCGEM,ISCGEM,Automatic,1965-03-07T01:43:11.000+05:30,Moderate,16672.53
03/09/1965,17:57:55,39.197,23.86,Earthquake,15.0,,,6,MW,,,,,,,ISCGEM858461,ISCGEM,ISCGEM,ISCGEM,Automatic,1965-03-09T17:57:55.000+05:30,Moderate,4988.991
03/13/1965,07:33:24,53.292,-162.331,Earthquake,20.0,,,5,MW,,,,,,,ISCGEM858558,ISCGEM,ISCGEM,ISCGEM,Automatic,1965-03-13T07:33:24.000+05:30,Moderate,13868.0205
03/14/1965,15:53:07,36.405,70.724,Earthquake,207.8,,,7,MW,,,,,,,ISCGEM858598,ISCGEM,ISCGEM,ISCGEM,Automatic,1965-03-14T15:53:07.000+05:30,High,8294.232
03/15/1965,02:02:09,22.635,121.117,Earthquake,15.0,,,5,MW,,,,,,,ISCGEM858608,ISCGEM,ISCGEM,ISCGEM,Automatic,1965-03-15T02:02:09.000+05:30,Moderate,13175.317
03/16/1965,16:46:17,40.697,143.032,Earthquake,32.1,,,6,MW,,,,,,,ISCGEM858655,ISCGEM,ISCGEM,ISCGEM,Automatic,1965-03-16T16:46:17.000+05:30,Moderate,14153.245
03/17/1965,14:27:15,52.785,171.821,Earthquake,25.0,,,6,MW,,,,,,,ISCGEM858677,ISCGEM,ISCGEM,ISCGEM,Automatic,1965-03-17T14:27:15.000+05:30,Moderate,14096.591
03/18/1965,06:22:12,-20.036,-175.89,Earthquake,224.9,,,6,MW,,,,,,,ISCGEM858689,ISCGEM,ISCGEM,ISCGEM,Automatic,1965-03-18T06:22:12.000+05:30,Moderate,17742.684
03/18/1965,12:40:45,-55.857,-26.758,Earthquake,35.0,,,5,MW,,,,,,,ISCGEM858693,ISCGEM,ISCGEM,ISCGEM,Automatic,1965-03-18T12:40:45.000+05:30,Moderate,6663.171
03/19/1965,16:20:53,-1.887,119.836,Earthquake,40.0,,,6,MW,,,,,,,ISCGEM858722,ISCGEM,ISCGEM,ISCGEM,Automatic,1965-03-19T16:20:53.000+05:30,Moderate,13323.174
03/21/1965,11:08:19,-1.547,126.623,Earthquake,28.9,,,6,MW,,,,,,,ISCGEM858755,ISCGEM,ISCGEM,ISCGEM,Automatic,1965-03-21T11:08:19.000+05:30,Moderate,14078.109
03/22/1965,02:44:49,-15.262,-173.254,Earthquake,30.5,,,6,MW,,,,,,,ISCGEM858772,ISCGEM,ISCGEM,ISCGEM,Automatic,1965-03-22T02:44:49.000+05:30,Moderate,18163.25
03/22/1965,22:56:27,-31.974,-71.573,Earthquake,48.8,,,6,MW,,,,,,,ISCGEM858793,ISCGEM,ISCGEM,ISCGEM,Automatic,1965-03-22T22:56:27.000+05:30,Moderate,8278.056
03/23/1965,23:54:05,-15.382,-173.194,Earthquake,25.0,,,6,MW,,,,,,,ISCGEM858819,ISCGEM,ISCGEM,ISCGEM,Automatic,1965-03-23T23:54:05.000+05:30,Moderate,18148.441
03/24/1965,22:42:12,8.418,126.553,Earthquake,55.0,,,5,MW,,,,,,,ISCGEM858845,ISCGEM,ISCGEM,ISCGEM,Automatic,1965-03-24T22:42:12.000+05:30,Moderate,14021.3125
03/28/1965,13:23:01,55.26,161.904,Earthquake,40.0,,,5,MW,,,,,,,ISCGEM858938,ISCGEM,ISCGEM,ISCGEM,Automatic,1965-03-28T13:23:01.000+05:30,Moderate,13654.424
03/28/1965,16:33:16,-32.522,-71.233,Earthquake,70.0,,,7,MW,,,,,,,ISCGEM858940,ISCGEM,ISCGEM,ISCGEM,Automatic,1965-03-28T16:33:16.000+05:30,High,8257.353
03/29/1965,10:47:38,40.687,142.915,Earthquake,30.0,,,6,MW,,,,,,,ISCGEM858966,ISCGEM,ISCGEM,ISCGEM,Automatic,1965-03-29T10:47:38.000+05:30,Moderate,14146.51
03/30/1965,00:21:00,-20.502,-173.701,Earthquake,20.0,,,5,MW,,,,,,,ISCGEM858978,ISCGEM,ISCGEM,ISCGEM,Automatic,1965-03-30T00:21:00.000+05:30,Moderate,17634.633
03/30/1965,02:27:06,50.282,177.959,Earthquake,20.0,,,7,MW,,,,,,,ISCGEM858982,ISCGEM,ISCGEM,ISCGEM,Automatic,1965-03-30T02:27:06.000+05:30,High,14420.627
03/31/1965,09:47:31,38.365,22.405,Earthquake,75.0,,,6,MW,,,,,,,ISCGEM859094,ISCGEM,ISCGEM,ISCGEM,Automatic,1965-03-31T09:47:31.000+05:30,Moderate,4841.5044
04/01/1965,07:08:37,9.986,125.896,Earthquake,60.0,,,5,MW,,,,,,,ISCGEMSUP857323,ISCGEMSUP,ISCGEM,ISCGEM,Automatic,1965-04-01T07:08:37.000+05:30,Moderate,13929.412
04/03/1965,11:20:43,15.8,-98.067,Earthquake,10.0,,,5,MW,,,,,,,ISCGEM857413,ISCGEM,ISCGEM,ISCGEM,Automatic,1965-04-03T11:20:43.000+05:30,Moderate,10870.449
04/04/1965,13:30:39,51.865,175.172,Earthquake,30.7,,,5,MW,,,,,,,ISCGEM857447,ISCGEM,ISCGEM,ISCGEM,Automatic,1965-04-04T13:30:39.000+05:30,Moderate,14230.234
04/04/1965,15:36:13,-27.088,-176.046,Earthquake,25.0,,,5,MW,,,,,,,ISCGEM857450,ISCGEM,ISCGEM,ISCGEM,Automatic,1965-04-04T15:36:13.000+05:30,Moderate,16973.523
04/05/1965,03:12:53,37.505,22.067,Earthquake,20.0,,,6,MW,,,,,,,ISCGEM857472,ISCGEM,ISCGEM,ISCGEM,Automatic,1965-04-05T03:12:53.000+05:30,Moderate,4745.4624
04/05/1965,13:52:12,44.812,150.871,Earthquake,39.2,,,5,MW,,,,,,,ISCGEM857484,ISCGEM,ISCGEM,ISCGEM,Automatic,1965-04-05T13:52:12.000+05:30,Moderate,14265.664
04/06/1965,05:31:59,36.083,139.968,Earthquake,50.0,,,5,MW,,,,,,,ISCGEM857506,ISCGEM,ISCGEM,ISCGEM,Automatic,1965-04-06T05:31:59.000+05:30,Moderate,14258.363
04/06/1965,09:42:29,-0.463,120.039,Earthquake,25.0,,,6,MW,,,,,,,ISCGEM857510,ISCGEM,ISCGEM,ISCGEM,Automatic,1965-04-06T09:42:29.000+05:30,Moderate,13347.607
04/08/1965,13:43:54,52.192,173.437,Earthquake,25.0,,,6,MW,,,,,,,ISCGEM857580,ISCGEM,ISCGEM,ISCGEM,Automatic,1965-04-08T13:43:54.000+05:30,Moderate,14179.2705
04/09/1965,10:45:26,-32.707,-178.207,Earthquake,20.0,,,6,MW,,,,,,,ISCGEM857602,ISCGEM,ISCGEM,ISCGEM,Automatic,1965-04-09T10:45:26.000+05:30,Moderate,16373.38
04/09/1965,23:57:06,35.047,24.318,Earthquake,65.0,,,6,MW,,,,,,,ISCGEM857618,ISCGEM,ISCGEM,ISCGEM,Automatic,1965-04-09T23:57:06.000+05:30,Moderate,4642.5264
04/10/1965,14:46:51,-20.455,-173.621,Earthquake,17.5,,,5,MW,,,,,,,ISCGEM857639,ISCGEM,ISCGEM,ISCGEM,Automatic,1965-04-10T14:46:51.000+05:30,Moderate,17637.092
04/10/1965,22:32:48,-17.857,-178.646,Earthquake,543.7,,,6,MW,,,,,,,ISCGEM857647,ISCGEM,ISCGEM,ISCGEM,Automatic,1965-04-10T22:32:48.000+05:30,Moderate,18023.965
04/10/1965,22:53:05,-13.409,170.376,Earthquake,635.0,,,6,MW,,,,,,,ISCGEM857648,ISCGEM,ISCGEM,ISCGEM,Automatic,1965-04-10T22:53:05.000+05:30,Moderate,18185.525
04/11/1965,00:11:11,-42.692,174.205,Earthquake,20.0,,,5,MW,,,,,,,ISCGEM857649,ISCGEM,ISCGEM,ISCGEM,Automatic,1965-04-11T00:11:11.000+05:30,Moderate,15232.765
04/11/1965,18:51:37,-26.168,178.628,Earthquake,570.0,,,5,MW,,,,,,,ISCGEM857677,ISCGEM,ISCGEM,ISCGEM,Automatic,1965-04-11T18:51:37.000+05:30,Moderate,17101.623
04/12/1965,20:41:17,30.317,138.702,Earthquake,421.7,,,5,MW,,,,,,,ISCGEM857712,ISCGEM,ISCGEM,ISCGEM,Automatic,1965-04-12T20:41:17.000+05:30,Moderate,14503.38
04/15/1965,05:09:50,25.08,122.897,Earthquake,165.0,,,5,MW,,,,,,,ISCGEM857769,ISCGEM,ISCGEM,ISCGEM,Automatic,1965-04-15T05:09:50.000+05:30,Moderate,13284.126
04/16/1965,23:22:21,64.572,-160.375,Earthquake,15.0,,,6,MW,,,,,,,ISCGEM857809,ISCGEM,ISCGEM,ISCGEM,Automatic,1965-04-16T23:22:21.000+05:30,Moderate,12660.176
04/18/1965,06:33:58,41.46,-127.416,Earthquake,10.0,,,5,MW,,,,,,,ISCGEM857833,ISCGEM,ISCGEM,ISCGEM,Automatic,1965-04-18T06:33:58.000+05:30,Moderate,13019.493
04/18/1965,09:39:19,-59.687,-26.454,Earthquake,25.0,,,6,MW,,,,,,,ISCGEM857835,ISCGEM,ISCGEM,ISCGEM,Automatic,1965-04-18T09:39:19.000+05:30,Moderate,7020.3975
04/18/1965,12:41:56,-59.586,-26.372,Earthquake,25.0,,,6,MW,,,,,,,ISCGEM857837,ISCGEM,ISCGEM,ISCGEM,Automatic,1965-04-18T12:41:56.000+05:30,Moderate,7008.3647
04/19/1965,23:42:00,34.848,138.332,Earthquake,35.0,,,6,MW,,,,,,,ISCGEM857881,ISCGEM,ISCGEM,ISCGEM,Automatic,1965-04-19T23:42:00.000+05:30,Moderate,14211.855
04/24/1965,21:55:29,11.451,140.231,Earthquake,70.0,,,5,MW,,,,,,,ISCGEM857999,ISCGEM,ISCGEM,ISCGEM,Automatic,1965-04-24T21:55:29.000+05:30,Moderate,15442.714
04/25/1965,01:00:15,24.409,142.776,Earthquake,30.0,,,6,MW,,,,,,,ISCGEM858003,ISCGEM,ISCGEM,ISCGEM,Automatic,1965-04-25T01:00:15.000+05:30,Moderate,15175.609
04/26/1965,09:47:29,-1.733,126.568,Earthquake,25.0,,,5,MW,,,,,,,ISCGEM858039,ISCGEM,ISCGEM,ISCGEM,Automatic,1965-04-26T09:47:29.000+05:30,Moderate,14071.559
04/26/1965,20:29:07,54.157,-162.59,Earthquake,36.8,,,5,MW,,,,,,,ISCGEM858049,ISCGEM,ISCGEM,ISCGEM,Automatic,1965-04-26T20:29:07.000+05:30,Moderate,13784.693
04/26/1965,22:15:45,21.045,120.798,Earthquake,37.1,,,6,MW,,,,,,,ISCGEM858053,ISCGEM,ISCGEM,ISCGEM,Automatic,1965-04-26T22:15:45.000+05:30,Moderate,13181.69
04/27/1965,10:54:24,-6.822,129.504,Earthquake,30.0,,,6,MW,,,,,,,ISCGEM858070,ISCGEM,ISCGEM,ISCGEM,Automatic,1965-04-27T10:54:24.000+05:30,Moderate,14363.088
04/27/1965,14:09:10,35.626,23.425,Earthquake,60.0,,,6,MW,,,,,,,ISCGEM858076,ISCGEM,ISCGEM,ISCGEM,Automatic,1965-04-27T14:09:10.000+05:30,Moderate,4644.4336
04/27/1965,20:09:17,1.333,-85.075,Earthquake,15.0,,,5,MW,,,,,,,ISCGEM858082,ISCGEM,ISCGEM,ISCGEM,Automatic,1965-04-27T20:09:17.000+05:30,Moderate,9460.057
04/29/1965,15:28:45,47.288,-122.406,Earthquake,64.7,,,6,MW,,,,,,,ISCGEM858143,ISCGEM,ISCGEM,ISCGEM,Automatic,1965-04-29T15:28:45.000+05:30,Moderate,12377.823
04/29/1965,15:48:55,-5.548,110.332,Earthquake,480.0,,,6,MW,,,,,,,ISCGEMSUP858144,ISCGEMSUP,ISCGEM,ISCGEM,Automatic,1965-04-29T15:48:55.000+05:30,Moderate,12257.304
05/01/1965,21:27:54,60.35,-146.176,Earthquake,15.0,,,5,MW,,,,,,,ISCGEM856572,ISCGEM,ISCGEM,ISCGEM,Automatic,1965-05-01T21:27:54.000+05:30,Moderate,12705.797
05/02/1965,07:13:45,28.927,128.769,Earthquake,22.5,,,5,MW,,,,,,,ISCGEM856581,ISCGEM,ISCGEM,ISCGEM,Automatic,1965-05-02T07:13:45.000+05:30,Moderate,13702.9795
05/03/1965,01:09:34,-32.537,-70.569,Earthquake,90.0,,,5,MW,,,,,,,ISCGEM856594,ISCGEM,ISCGEM,ISCGEM,Automatic,1965-05-03T01:09:34.000+05:30,Moderate,8196.46
05/03/1965,10:01:38,13.683,-89.07,Earthquake,15.0,,,5,MW,,,,,,,ISCGEM856602,ISCGEM,ISCGEM,ISCGEM,Automatic,1965-05-03T10:01:38.000+05:30,Moderate,9907.067
05/03/1965,16:09:09,-24.281,-67.927,Earthquake,110.0,,,5,MW,,,,,,,ISCGEM856609,ISCGEM,ISCGEM,ISCGEM,Automatic,1965-05-03T16:09:09.000+05:30,Moderate,7780.084
05/04/1965,08:34:43,41.801,79.414,Earthquake,10.0,,,6,MW,,,,,,,ISCGEM856624,ISCGEM,ISCGEM,ISCGEM,Automatic,1965-05-04T08:34:43.000+05:30,Moderate,9132.283
05/12/1965,08:05:56,-3.523,137.924,Earthquake,50.0,,,5,MW,,,,,,,ISCGEM856806,ISCGEM,ISCGEM,ISCGEM,Automatic,1965-05-12T08:05:56.000+05:30,Moderate,15323.129
05/12/1965,10:33:47,-6.174,130.358,Earthquake,153.1,,,6,MW,,,,,,,ISCGEM856810,ISCGEM,ISCGEM,ISCGEM,Automatic,1965-05-12T10:33:47.000+05:30,Moderate,14463.812
05/15/1965,23:58:36,-4.131,134.946,Earthquake,25.0,,,5,MW,,,,,,,ISCGEM856887,ISCGEM,ISCGEM,ISCGEM,Automatic,1965-05-15T23:58:36.000+05:30,Moderate,14988.811
05/16/1965,11:35:47,5.268,125.467,Earthquake,35.0,,,5,MW,,,,,,,ISCGEM856902,ISCGEM,ISCGEM,ISCGEM,Automatic,1965-05-16T11:35:47.000+05:30,Moderate,13932.143
05/17/1965,17:19:33,22.336,121.248,Earthquake,68.4,,,6,MW,,,,,,,ISCGEM856924,ISCGEM,ISCGEM,ISCGEM,Automatic,1965-05-17T17:19:33.000+05:30,Moderate,13195.927
05/19/1965,03:00:58,-8.938,159.083,Earthquake,35.0,,,5,MW,,,,,,,ISCGEM856977,ISCGEM,ISCGEM,ISCGEM,Automatic,1965-05-19T03:00:58.000+05:30,Moderate,17494.56
05/19/1965,06:03:56,-6.575,105.311,Earthquake,35.0,,,5,MW,,,,,,,ISCGEM856984,ISCGEM,ISCGEM,ISCGEM,Automatic,1965-05-19T06:03:56.000+05:30,Moderate,11698.58
05/19/1965,13:59:55,-4.819,152.436,Earthquake,50.0,,,5,MW,,,,,,,ISCGEM856995,ISCGEM,ISCGEM,ISCGEM,Automatic,1965-05-19T13:59:55.000+05:30,Moderate,16907.24
05/20/1965,00:40:27,-14.921,167.34,Earthquake,120.0,,,7,MW,,,,,,,ISCGEM857011,ISCGEM,ISCGEM,ISCGEM,Automatic,1965-05-20T00:40:27.000+05:30,High,17849.61
05/22/1965,03:05:46,1.309,126.239,Earthquake,35.0,,,5,MW,,,,,,,ISCGEM857068,ISCGEM,ISCGEM,ISCGEM,Automatic,1965-05-22T03:05:46.000+05:30,Moderate,14035.918
05/22/1965,10:31:39,-21.126,-178.537,Earthquake,553.8,,,6,MW,,,,,,,ISCGEM857075,ISCGEM,ISCGEM,ISCGEM,Automatic,1965-05-22T10:31:39.000+05:30,Moderate,17660.613
05/23/1965,23:46:15,52.149,175.119,Earthquake,28.5,,,6,MW,,,,,,,ISCGEM857113,ISCGEM,ISCGEM,ISCGEM,Automatic,1965-05-23T23:46:15.000+05:30,Moderate,14198.448
05/24/1965,23:21:12,13.174,124.604,Earthquake,25.0,,,5,MW,,,,,,,ISCGEM857130,ISCGEM,ISCGEM,ISCGEM,Automatic,1965-05-24T23:21:12.000+05:30,Moderate,13740.357
05/25/1965,13:07:51,51.227,178.882,Earthquake,30.1,,,5,MW,,,,,,,ISCGEM857142,ISCGEM,ISCGEM,ISCGEM,Automatic,1965-05-25T13:07:51.000+05:30,Moderate,14317.93
05/26/1965,19:44:13,-55.957,-27.875,Earthquake,125.0,,,6,MW,,,,,,,ISCGEMSUP857167,ISCGEMSUP,ISCGEM,ISCGEM,Automatic,1965-05-26T19:44:13.000+05:30,Moderate,6709.448
05/31/1965,11:38:42,-7.566,128.578,Earthquake,150.0,,,5,MW,,,,,,,ISCGEM857305,ISCGEM,ISCGEM,ISCGEM,Automatic,1965-05-31T11:38:42.000+05:30,Moderate,14253.099
06/02/1965,05:13:00,-23.54,-179.917,Earthquake,540.0,,,5,MW,,,,,,,ISCGEM855792,ISCGEM,ISCGEM,ISCGEM,Automatic,1965-06-02T05:13:00.000+05:30,Moderate,17397.543
06/02/1965,23:40:23,15.674,-46.712,Earthquake,12.5,,,5,MW,,,,,,,ISCGEM855811,ISCGEM,ISCGEM,ISCGEM,Automatic,1965-06-02T23:40:23.000+05:30,Moderate,5413.7734
06/05/1965,03:49:03,-1.649,126.552,Earthquake,20.0,,,5,MW,,,,,,,ISCGEM855868,ISCGEM,ISCGEM,ISCGEM,Automatic,1965-06-05T03:49:03.000+05:30,Moderate,14069.984
06/11/1965,02:37:35,51.884,174.015,Earthquake,20.0,,,5,MW,,,,,,,ISCGEM855987,ISCGEM,ISCGEM,ISCGEM,Automatic,1965-06-11T02:37:35.000+05:30,Moderate,14218.649
06/11/1965,03:33:47,44.608,149.022,Earthquake,40.7,,,7,MW,,,,,,,ISCGEM855990,ISCGEM,ISCGEM,ISCGEM,Automatic,1965-06-11T03:33:47.000+05:30,High,14190.379
06/11/1965,03:34:04,44.578,148.699,Earthquake,58.0,,,7,MW,,,,,,,ISCGEM855991,ISCGEM,ISCGEM,ISCGEM,Automatic,1965-06-11T03:34:04.000+05:30,High,14176.224
06/11/1965,07:11:04,44.133,149.255,Earthquake,31.6,,,5,MW,,,,,,,ISCGEM856010,ISCGEM,ISCGEM,ISCGEM,Automatic,1965-06-11T07:11:04.000+05:30,Moderate,14242.563
06/11/1965,07:27:44,44.112,149.539,Earthquake,35.0,,,5,MW,,,,,,,ISCGEM856011,ISCGEM,ISCGEM,ISCGEM,Automatic,1965-06-11T07:27:44.000+05:30,Moderate,14259.0205
06/11/1965,08:41:01,44.299,149.032,Earthquake,32.6,,,5,MW,,,,,,,ISCGEM856015,ISCGEM,ISCGEM,ISCGEM,Automatic,1965-06-11T08:41:01.000+05:30,Moderate,14216.983
06/12/1965,05:28:40,44.167,149.87,Earthquake,35.0,,,5,MW,,,,,,,ISCGEM856064,ISCGEM,ISCGEM,ISCGEM,Automatic,1965-06-12T05:28:40.000+05:30,Moderate,14271.312
06/12/1965,05:40:58,43.775,149.448,Earthquake,38.0,,,5,MW,,,,,,,ISCGEM856066,ISCGEM,ISCGEM,ISCGEM,Automatic,1965-06-12T05:40:58.000+05:30,Moderate,14282.87
06/12/1965,06:03:33,43.804,149.351,Earthquake,35.0,,,5,MW,,,,,,,ISCGEM856067,ISCGEM,ISCGEM,ISCGEM,Automatic,1965-06-12T06:03:33.000+05:30,Moderate,14275.36
06/12/1965,18:45:44,43.885,149.339,Earthquake,35.0,,,5,MW,,,,,,,ISCGEM856087,ISCGEM,ISCGEM,ISCGEM,Automatic,1965-06-12T18:45:44.000+05:30,Moderate,14267.892
06/12/1965,18:50:12,-20.38,-68.944,Earthquake,102.2,,,5,MW,,,,,,,ISCGEM856088,ISCGEM,ISCGEM,ISCGEM,Automatic,1965-06-12T18:50:12.000+05:30,Moderate,7819.065
06/13/1965,07:06:15,41.705,143.727,Earthquake,38.1,,,6,MW,,,,,,,ISCGEM856098,ISCGEM,ISCGEM,ISCGEM,Automatic,1965-06-13T07:06:15.000+05:30,Moderate,14122.42
06/13/1965,20:01:51,37.718,29.378,Earthquake,25.0,,,5,MW,,,,,,,ISCGEM856108,ISCGEM,ISCGEM,ISCGEM,Automatic,1965-06-13T20:01:51.000+05:30,Moderate,5162.1978
06/14/1965,07:30:42,-39.902,45.55,Earthquake,10.0,,,5,MW,,,,,,,ISCGEM856118,ISCGEM,ISCGEM,ISCGEM,Automatic,1965-06-14T07:30:42.000+05:30,Moderate,6394.3115
06/15/1965,09:20:34,-38.08,177.442,Earthquake,95.0,,,5,MW,,,,,,,ISCGEMSUP856141,ISCGEMSUP,ISCGEM,ISCGEM,Automatic,1965-06-15T09:20:34.000+05:30,Moderate,15772.688
06/15/1965,23:10:29,-21.025,173.574,Earthquake,25.0,,,6,MW,,,,,,,ISCGEM856155,ISCGEM,ISCGEM,ISCGEM,Automatic,1965-06-15T23:10:29.000+05:30,Moderate,17575.195
06/17/1965,20:14:51,32.052,87.784,Earthquake,10.0,,,5,MW,,,,,,,ISCGEM856219,ISCGEM,ISCGEM,ISCGEM,Automatic,1965-06-17T20:14:51.000+05:30,Moderate,9798.711
06/20/1965,01:57:26,44.505,149.218,Earthquake,45.0,,,5,MW,,,,,,,ISCGEM856278,ISCGEM,ISCGEM,ISCGEM,Automatic,1965-06-20T01:57:26.000+05:30,Moderate,14209.169
06/20/1965,18:04:34,42.973,-126.652,Earthquake,10.0,,,5,MW,,,,,,,ISCGEM856293,ISCGEM,ISCGEM,ISCGEM,Automatic,1965-06-20T18:04:34.000+05:30,Moderate,12887.308
06/21/1965,00:21:17,28.134,55.891,Earthquake,25.0,,,5,MW,,,,,,,ISCGEM856301,ISCGEM,ISCGEM,ISCGEM,Automatic,1965-06-21T00:21:17.000+05:30,Moderate,6711.9907
06/22/1965,23:48:07,7.175,123.613,Earthquake,40.0,,,6,MW,,,,,,,ISCGEM856343,ISCGEM,ISCGEM,ISCGEM,Automatic,1965-06-22T23:48:07.000+05:30,Moderate,13712.033
06/23/1965,11:09:17,56.543,-152.948,Earthquake,20.0,,,6,MW,,,,,,,ISCGEM856357,ISCGEM,ISCGEM,ISCGEM,Automatic,1965-06-23T11:09:17.000+05:30,Moderate,13277.337
06/24/1965,07:45:13,7.034,126.25,Earthquake,30.0,,,5,MW,,,,,,,ISCGEM856382,ISCGEM,ISCGEM,ISCGEM,Automatic,1965-06-24T07:45:13.000+05:30,Moderate,14003.271
06/27/1965,09:45:45,-54.437,4.965,Earthquake,10.0,,,5,MW,,,,,,,ISCGEM856447,ISCGEM,ISCGEM,ISCGEM,Automatic,1965-06-27T09:45:45.000+05:30,Moderate,6070.1934
06/27/1965,11:08:59,60.281,-141.418,Earthquake,15.0,,,6,MW,,,,,,,ISCGEM856449,ISCGEM,ISCGEM,ISCGEM,Automatic,1965-06-27T11:08:59.000+05:30,Moderate,12542.91
06/27/1965,11:36:14,23.764,121.56,Earthquake,40.0,,,5,MW,,,,,,,ISCGEM856452,ISCGEM,ISCGEM,ISCGEM,Automatic,1965-06-27T11:36:14.000+05:30,Moderate,13190.06
06/28/1965,03:33:35,-5.01,153.06,Earthquake,25.0,,,6,MW,,,,,,,ISCGEM856478,ISCGEM,ISCGEM,ISCGEM,Automatic,1965-06-28T03:33:35.000+05:30,Moderate,16971.95
06/30/1965,02:53:16,-1.734,126.53,Earthquake,30.0,,,5,MW,,,,,,,ISCGEM856531,ISCGEM,ISCGEM,ISCGEM,Automatic,1965-06-30T02:53:16.000+05:30,Moderate,14067.333
06/30/1965,08:33:33,51.813,176.53,Earthquake,44.6,,,5,MW,,,,,,,ISCGEM856536,ISCGEM,ISCGEM,ISCGEM,Automatic,1965-06-30T08:33:33.000+05:30,Moderate,14244.562
07/01/1965,23:12:42,-63.159,-163.707,Earthquake,10.0,,,6,MW,,,,,,,ISCGEM855097,ISCGEM,ISCGEM,ISCGEM,Automatic,1965-07-01T23:12:42.000+05:30,Moderate,12863.302
07/02/1965,20:58:40,52.99,-167.739,Earthquake,45.0,,,7,MW,,,,,,,ISCGEM855112,ISCGEM,ISCGEM,ISCGEM,Automatic,1965-07-02T20:58:40.000+05:30,High,14014.017
07/03/1965,11:26:13,22.338,101.496,Earthquake,35.0,,,5,MW,,,,,,,ISCGEM855121,ISCGEM,ISCGEM,ISCGEM,Automatic,1965-07-03T11:26:13.000+05:30,Moderate,11188.753
07/06/1965,03:04:21,-22.567,172.939,Earthquake,35.0,,,5,MW,,,,,,,ISCGEMSUP855168,ISCGEMSUP,ISCGEM,ISCGEM,Automatic,1965-07-06T03:04:21.000+05:30,Moderate,17391.924
07/06/1965,03:18:45,38.384,22.545,Earthquake,20.0,,,6,MW,,,,,,,ISCGEM855169,ISCGEM,ISCGEM,ISCGEM,Automatic,1965-07-06T03:18:45.000+05:30,Moderate,4850.0303
07/06/1965,04:08:49,46.591,152.467,Earthquake,45.0,,,5,MW,,,,,,,ISCGEM855170,ISCGEM,ISCGEM,ISCGEM,Automatic,1965-07-06T04:08:49.000+05:30,Moderate,14182.262
07/06/1965,18:36:46,-4.408,155.062,Earthquake,490.0,,,6,MW,,,,,,,ISCGEM855189,ISCGEM,ISCGEM,ISCGEM,Automatic,1965-07-06T18:36:46.000+05:30,Moderate,17201.854
07/07/1965,23:00:00,-6.819,105.505,Earthquake,35.0,,,5,MW,,,,,,,ISCGEM855208,ISCGEM,ISCGEM,ISCGEM,Automatic,1965-07-07T23:00:00.000+05:30,Moderate,11719.122
07/12/1965,13:57:15,-28.428,-68.25,Earthquake,112.4,,,5,MW,,,,,,,ISCGEM855319,ISCGEM,ISCGEM,ISCGEM,Automatic,1965-07-12T13:57:15.000+05:30,Moderate,7892.778
07/15/1965,18:33:30,7.74,123.811,Earthquake,570.0,,,6,MW,,,,,,,ISCGEM855394,ISCGEM,ISCGEM,ISCGEM,Automatic,1965-07-15T18:33:30.000+05:30,Moderate,13728.361
07/17/1965,07:20:34,-9.72,159.888,Earthquake,25.0,,,5,MW,,,,,,,ISCGEM855425,ISCGEM,ISCGEM,ISCGEM,Automatic,1965-07-17T07:20:34.000+05:30,Moderate,17541.03
07/20/1965,13:18:28,7.56,124.247,Earthquake,24.6,,,5,MW,,,,,,,ISCGEM855504,ISCGEM,ISCGEM,ISCGEM,Automatic,1965-07-20T13:18:28.000+05:30,Moderate,13778.01
07/21/1965,17:52:33,53.318,170.365,Earthquake,28.8,,,5,MW,,,,,,,ISCGEM855526,ISCGEM,ISCGEM,ISCGEM,Automatic,1965-07-21T17:52:33.000+05:30,Moderate,14019.712
07/25/1965,03:40:43,1.813,99.276,Earthquake,105.0,,,5,MW,,,,,,,ISCGEM855580,ISCGEM,ISCGEM,ISCGEM,Automatic,1965-07-25T03:40:43.000+05:30,Moderate,11038.467
07/25/1965,13:33:04,41.278,146.682,Earthquake,15.0,,,5,MW,,,,,,,ISCGEM855589,ISCGEM,ISCGEM,ISCGEM,Automatic,1965-07-25T13:33:04.000+05:30,Moderate,14333.281
07/25/1965,21:46:45,51.472,175.894,Earthquake,20.1,,,5,MW,,,,,,,ISCGEM855597,ISCGEM,ISCGEM,ISCGEM,Automatic,1965-07-25T21:46:45.000+05:30,Moderate,14278.651
07/28/1965,22:29:09,-2.335,101.767,Earthquake,140.0,,,5,MW,,,,,,,ISCGEM855664,ISCGEM,ISCGEM,ISCGEM,Automatic,1965-07-28T22:29:09.000+05:30,Moderate,11314.872
07/29/1965,08:29:24,51.05,-171.289,Earthquake,21.4,,,6,MW,,,,,,,ISCGEM855674,ISCGEM,ISCGEM,ISCGEM,Automatic,1965-07-29T08:29:24.000+05:30,Moderate,14279.401
07/29/1965,12:20:21,50.799,-171.607,Earthquake,15.0,,,5,MW,,,,,,,ISCGEM855684,ISCGEM,ISCGEM,ISCGEM,Automatic,1965-07-29T12:20:21.000+05:30,Moderate,14311.041
07/29/1965,15:08:37,51.076,-171.466,Earthquake,20.0,,,5,MW,,,,,,,ISCGEM855692,ISCGEM,ISCGEM,ISCGEM,Automatic,1965-07-29T15:08:37.000+05:30,Moderate,14278.931
07/30/1965,07:20:10,6.789,-72.907,Earthquake,160.0,,,5,MW,,,,,,,ISCGEM855709,ISCGEM,ISCGEM,ISCGEM,Automatic,1965-07-30T07:20:10.000+05:30,Moderate,8120.621
08/01/1965,23:44:29,-32.441,-178.803,Earthquake,45.0,,,5,MW,,,,,,,ISCGEM854282,ISCGEM,ISCGEM,ISCGEM,Automatic,1965-08-01T23:44:29.000+05:30,Moderate,16405.625
08/02/1965,13:19:57,-56.046,157.922,Earthquake,10.0,,,7,MW,,,,,,,ISCGEM854292,ISCGEM,ISCGEM,ISCGEM,Automatic,1965-08-02T13:19:57.000+05:30,High,13473.437
08/03/1965,02:01:53,-7.526,-81.179,Earthquake,26.3,,,5,MW,,,,,,,ISCGEM854310,ISCGEM,ISCGEM,ISCGEM,Automatic,1965-08-03T02:01:53.000+05:30,Moderate,9035.209
08/05/1965,00:07:52,-5.213,151.701,Earthquake,60.0,,,6,MW,,,,,,,ISCGEM854347,ISCGEM,ISCGEM,ISCGEM,Automatic,1965-08-05T00:07:52.000+05:30,Moderate,16819.783
08/11/1965,03:40:58,-15.449,166.98,Earthquake,25.0,,,7,MW,,,,,,,ISCGEM854451,ISCGEM,ISCGEM,ISCGEM,Automatic,1965-08-11T03:40:58.000+05:30,High,17779.959
08/11/1965,07:18:47,-15.67,167.216,Earthquake,30.0,,,5,MW,,,,,,,ISCGEM854453,ISCGEM,ISCGEM,ISCGEM,Automatic,1965-08-11T07:18:47.000+05:30,Moderate,17777.69
08/11/1965,19:52:32,-15.685,167.097,Earthquake,30.0,,,6,MW,,,,,,,ISCGEM854468,ISCGEM,ISCGEM,ISCGEM,Automatic,1965-08-11T19:52:32.000+05:30,Moderate,17768.2
08/11/1965,20:13:58,-15.741,167.26,Earthquake,30.0,,,6,MW,,,,,,,ISCGEM854470,ISCGEM,ISCGEM,ISCGEM,Automatic,1965-08-11T20:13:58.000+05:30,Moderate,17774.656
08/11/1965,22:31:51,-15.861,167.092,Earthquake,30.0,,,7,MW,,,,,,,ISCGEM854473,ISCGEM,ISCGEM,ISCGEM,Automatic,1965-08-11T22:31:51.000+05:30,High,17752.89
08/12/1965,08:01:46,-15.817,167.399,Earthquake,30.0,,,6,MW,,,,,,,ISCGEM854500,ISCGEM,ISCGEM,ISCGEM,Automatic,1965-08-12T08:01:46.000+05:30,Moderate,17777.621
08/12/1965,12:57:15,-5.36,152.116,Earthquake,51.0,,,6,MW,,,,,,,ISCGEM854507,ISCGEM,ISCGEM,ISCGEM,Automatic,1965-08-12T12:57:15.000+05:30,Moderate,16862.281
08/12/1965,18:04:56,-15.931,167.392,Earthquake,35.0,,,5,MW,,,,,,,ISCGEM854519,ISCGEM,ISCGEM,ISCGEM,Automatic,1965-08-12T18:04:56.000+05:30,Moderate,17767.332
08/13/1965,04:40:57,-15.97,167.439,Earthquake,30.0,,,5,MW,,,,,,,ISCGEM854538,ISCGEM,ISCGEM,ISCGEM,Automatic,1965-08-13T04:40:57.000+05:30,Moderate,17767.135
08/13/1965,11:24:53,-15.995,166.96,Earthquake,25.0,,,6,MW,,,,,,,ISCGEM854550,ISCGEM,ISCGEM,ISCGEM,Automatic,1965-08-13T11:24:53.000+05:30,Moderate,17732.404
08/13/1965,12:40:10,-15.871,166.96,Earthquake,25.0,,,7,MW,,,,,,,ISCGEM854555,ISCGEM,ISCGEM,ISCGEM,Automatic,1965-08-13T12:40:10.000+05:30,High,17742.941
08/13/1965,12:40:32,-16.198,167.607,Earthquake,35.0,,,7,MW,,,,,,,ISCGEM854556,ISCGEM,ISCGEM,ISCGEM,Automatic,1965-08-13T12:40:32.000+05:30,High,17758.527
08/13/1965,17:56:30,-16.801,167.602,Earthquake,35.0,,,6,MW,,,,,,,ISCGEM854573,ISCGEM,ISCGEM,ISCGEM,Automatic,1965-08-13T17:56:30.000+05:30,Moderate,17705.176
08/13/1965,21:57:38,-6.38,148.543,Earthquake,30.0,,,6,MW,,,,,,,ISCGEM854586,ISCGEM,ISCGEM,ISCGEM,Automatic,1965-08-13T21:57:38.000+05:30,Moderate,16453.256
08/14/1965,11:07:47,-15.819,166.794,Earthquake,20.0,,,6,MW,,,,,,,ISCGEM854614,ISCGEM,ISCGEM,ISCGEM,Automatic,1965-08-14T11:07:47.000+05:30,Moderate,17735.809
08/14/1965,13:18:06,-11.385,166.332,Earthquake,35.0,,,5,MW,,,,,,,ISCGEM854617,ISCGEM,ISCGEM,ISCGEM,Automatic,1965-08-14T13:18:06.000+05:30,Moderate,18044.84
08/16/1965,12:36:22,-0.53,-19.951,Earthquake,15.0,,,6,MW,,,,,,,ISCGEM854661,ISCGEM,ISCGEM,ISCGEM,Automatic,1965-08-16T12:36:22.000+05:30,Moderate,2219.2007
08/17/1965,10:35:10,4.872,95.836,Earthquake,65.0,,,6,MW,,,,,,,ISCGEM854696,ISCGEM,ISCGEM,ISCGEM,Automatic,1965-08-17T10:35:10.000+05:30,Moderate,10654.124
08/17/1965,16:17:45,-15.185,166.67,Earthquake,30.0,,,5,MW,,,,,,,ISCGEM854706,ISCGEM,ISCGEM,ISCGEM,Automatic,1965-08-17T16:17:45.000+05:30,Moderate,17779.879
08/18/1965,14:51:34,-15.945,166.999,Earthquake,25.0,,,6,MW,,,,,,,ISCGEM854753,ISCGEM,ISCGEM,ISCGEM,Automatic,1965-08-18T14:51:34.000+05:30,Moderate,17739.342
08/20/1965,05:54:51,-5.714,128.493,Earthquake,330.0,,,6,MW,,,,,,,ISCGEM854799,ISCGEM,ISCGEM,ISCGEM,Automatic,1965-08-20T05:54:51.000+05:30,Moderate,14262.635
08/20/1965,09:42:50,-18.954,-68.82,Earthquake,124.0,,,6,MW,,,,,,,ISCGEM854803,ISCGEM,ISCGEM,ISCGEM,Automatic,1965-08-20T09:42:50.000+05:30,Moderate,7785.752
08/20/1965,21:21:52,-22.887,-176.194,Earthquake,75.0,,,6,MW,,,,,,,ISCGEMSUP854809,ISCGEMSUP,ISCGEM,ISCGEM,Automatic,1965-08-20T21:21:52.000+05:30,Moderate,17437.088
08/21/1965,15:04:20,-5.921,103.993,Earthquake,45.0,,,5,MW,,,,,,,ISCGEM854827,ISCGEM,ISCGEM,ISCGEM,Automatic,1965-08-21T15:04:20.000+05:30,Moderate,11555.025
08/23/1965,14:08:58,40.459,26.206,Earthquake,15.0,,,6,MW,,,,,,,ISCGEM854868,ISCGEM,ISCGEM,ISCGEM,Automatic,1965-08-23T14:08:58.000+05:30,Moderate,5220.376
08/23/1965,19:46:04,16.081,-95.867,Earthquake,25.0,,,7,MW,,,,,,,ISCGEM854871,ISCGEM,ISCGEM,ISCGEM,Automatic,1965-08-23T19:46:04.000+05:30,High,10634.3125
08/24/1965,01:01:00,15.837,-96.235,Earthquake,25.0,,,5,MW,,,,,,,ISCGEM854885,ISCGEM,ISCGEM,ISCGEM,Automatic,1965-08-24T01:01:00.000+05:30,Moderate,10674.429
08/27/1965,18:22:03,44.453,149.06,Earthquake,30.0,,,5,MW,,,,,,,ISCGEM854972,ISCGEM,ISCGEM,ISCGEM,Automatic,1965-08-27T18:22:03.000+05:30,Moderate,14205.434
08/30/1965,03:32:08,-16.931,167.454,Earthquake,30.0,,,5,MW,,,,,,,ISCGEM855027,ISCGEM,ISCGEM,ISCGEM,Automatic,1965-08-30T03:32:08.000+05:30,Moderate,17684.133
08/30/1965,18:09:44,-6.428,104.667,Earthquake,55.0,,,5,MW,,,,,,,ISCGEMSUP855043,ISCGEMSUP,ISCGEM,ISCGEM,Automatic,1965-08-30T18:09:44.000+05:30,Moderate,11627.959
09/01/1965,04:47:33,-34.596,179.922,Earthquake,100.0,,,5,MW,,,,,,,ISCGEMSUP853515,ISCGEMSUP,ISCGEM,ISCGEM,Automatic,1965-09-01T04:47:33.000+05:30,Moderate,16168.179
09/02/1965,04:26:39,51.867,175.451,Earthquake,31.0,,,5,MW,,,,,,,ISCGEM853538,ISCGEM,ISCGEM,ISCGEM,Automatic,1965-09-02T04:26:39.000+05:30,Moderate,14232.0
09/04/1965,10:19:51,46.515,153.387,Earthquake,15.0,,,5,MW,,,,,,,ISCGEM853601,ISCGEM,ISCGEM,ISCGEM,Automatic,1965-09-04T10:19:51.000+05:30,Moderate,14229.668
09/04/1965,14:32:51,58.09,-152.525,Earthquake,27.8,,,7,MW,,,,,,,ISCGEM853605,ISCGEM,ISCGEM,ISCGEM,Automatic,1965-09-04T14:32:51.000+05:30,High,13117.371
09/08/1965,03:26:22,57.513,-152.263,Earthquake,25.0,,,5,MW,,,,,,,ISCGEM853683,ISCGEM,ISCGEM,ISCGEM,Automatic,1965-09-08T03:26:22.000+05:30,Moderate,13163.789
09/09/1965,10:02:26,6.47,-84.408,Earthquake,15.0,,,6,MW,,,,,,,ISCGEM853712,ISCGEM,ISCGEM,ISCGEM,Automatic,1965-09-09T10:02:26.000+05:30,Moderate,9389.714
09/11/1965,06:53:01,-5.349,152.955,Earthquake,44.6,,,6,MW,,,,,,,ISCGEM853760,ISCGEM,ISCGEM,ISCGEM,Automatic,1965-09-11T06:53:01.000+05:30,Moderate,16953.922
09/12/1965,08:40:10,-6.209,151.651,Earthquake,15.0,,,6,MW,,,,,,,ISCGEM853784,ISCGEM,ISCGEM,ISCGEM,Automatic,1965-09-12T08:40:10.000+05:30,Moderate,16794.238
09/12/1965,22:02:35,-6.416,70.726,Earthquake,25.0,,,6,MW,,,,,,,ISCGEM853797,ISCGEM,ISCGEM,ISCGEM,Automatic,1965-09-12T22:02:35.000+05:30,Moderate,7878.321
09/13/1965,13:07:51,55.338,165.731,Earthquake,18.9,,,5,MW,,,,,,,ISCGEM853808,ISCGEM,ISCGEM,ISCGEM,Automatic,1965-09-13T13:07:51.000+05:30,Moderate,13726.8545
09/13/1965,16:15:45,-36.448,-97.6,Earthquake,15.0,,,6,MW,,,,,,,ISCGEM853817,ISCGEM,ISCGEM,ISCGEM,Automatic,1965-09-13T16:15:45.000+05:30,Moderate,10686.617
09/14/1965,08:27:18,8.382,126.895,Earthquake,35.0,,,5,MW,,,,,,,ISCGEM853835,ISCGEM,ISCGEM,ISCGEM,Automatic,1965-09-14T08:27:18.000+05:30,Moderate,14059.1455
09/16/1965,13:50:12,7.156,126.522,Earthquake,160.0,,,6,MW,,,,,,,ISCGEM853881,ISCGEM,ISCGEM,ISCGEM,Automatic,1965-09-16T13:50:12.000+05:30,Moderate,14031.932
09/17/1965,11:13:57,-1.443,-77.476,Earthquake,185.9,,,6,MW,,,,,,,ISCGEM853904,ISCGEM,ISCGEM,ISCGEM,Automatic,1965-09-17T11:13:57.000+05:30,Moderate,8615.387
09/17/1965,14:22:38,36.269,141.533,Earthquake,35.0,,,5,MW,,,,,,,ISCGEM853914,ISCGEM,ISCGEM,ISCGEM,Automatic,1965-09-17T14:22:38.000+05:30,Moderate,14360.108
09/17/1965,15:18:36,36.245,141.53,Earthquake,35.0,,,5,MW,,,,,,,ISCGEM853917,ISCGEM,ISCGEM,ISCGEM,Automatic,1965-09-17T15:18:36.000+05:30,Moderate,14361.486
09/17/1965,16:21:20,36.27,141.361,Earthquake,35.0,,,6,MW,,,,,,,ISCGEM853920,ISCGEM,ISCGEM,ISCGEM,Automatic,1965-09-17T16:21:20.000+05:30,Moderate,14347.661
09/18/1965,22:03:12,8.188,126.874,Earthquake,25.0,,,6,MW,,,,,,,ISCGEM853952,ISCGEM,ISCGEM,ISCGEM,Automatic,1965-09-18T22:03:12.000+05:30,Moderate,14059.167
09/21/1965,01:38:31,28.952,128.227,Earthquake,197.6,,,6,MW,,,,,,,ISCGEM854009,ISCGEM,ISCGEM,ISCGEM,Automatic,1965-09-21T01:38:31.000+05:30,Moderate,13652.759
09/22/1965,04:24:50,20.682,99.326,Earthquake,35.0,,,5,MW,,,,,,,ISCGEM854025,ISCGEM,ISCGEM,ISCGEM,Automatic,1965-09-22T04:24:50.000+05:30,Moderate,10977.179
09/22/1965,20:01:50,-5.391,151.631,Earthquake,55.0,,,5,MW,,,,,,,ISCGEM854040,ISCGEM,ISCGEM,ISCGEM,Automatic,1965-09-22T20:01:50.000+05:30,Moderate,16808.8
09/22/1965,22:08:01,36.395,141.46,Earthquake,35.0,,,6,MW,,,,,,,ISCGEM854045,ISCGEM,ISCGEM,ISCGEM,Automatic,1965-09-22T22:08:01.000+05:30,Moderate,14346.495
09/24/1965,23:53:43,13.092,145.167,Earthquake,45.0,,,5,MW,,,,,,,ISCGEM854087,ISCGEM,ISCGEM,ISCGEM,Automatic,1965-09-24T23:53:43.000+05:30,Moderate,15909.879
09/25/1965,14:53:34,39.626,143.357,Earthquake,27.5,,,5,MW,,,,,,,ISCGEM854110,ISCGEM,ISCGEM,ISCGEM,Automatic,1965-09-25T14:53:34.000+05:30,Moderate,14251.915
09/26/1965,21:33:52,-54.757,-38.244,Earthquake,10.0,,,5,MW,,,,,,,ISCGEM854160,ISCGEM,ISCGEM,ISCGEM,Automatic,1965-09-26T21:33:52.000+05:30,Moderate,7010.925
09/27/1965,05:09:13,51.752,175.5,Earthquake,35.0,,,5,MW,,,,,,,ISCGEM854167,ISCGEM,ISCGEM,ISCGEM,Automatic,1965-09-27T05:09:13.000+05:30,Moderate,14245.061
09/28/1965,05:06:40,-28.278,-177.999,Earthquake,25.0,,,6,MW,,,,,,,ISCGEM854190,ISCGEM,ISCGEM,ISCGEM,Automatic,1965-09-28T05:06:40.000+05:30,Moderate,16863.502
09/30/1965,23:47:42,59.28,-144.06,Earthquake,20.0,,,6,MW,,,,,,,ISCGEM854249,ISCGEM,ISCGEM,ISCGEM,Automatic,1965-09-30T23:47:42.000+05:30,Moderate,12724.131
10/01/1965,08:52:06,49.937,178.166,Earthquake,19.7,,,6,MW,,,,,,,ISCGEM852802,ISCGEM,ISCGEM,ISCGEM,Automatic,1965-10-01T08:52:06.000+05:30,Moderate,14459.602
10/01/1965,13:22:29,-19.921,174.48,Earthquake,545.5,,,6,MW,,,,,,,ISCGEM852814,ISCGEM,ISCGEM,ISCGEM,Automatic,1965-10-01T13:22:29.000+05:30,Moderate,17719.84
10/01/1965,22:34:23,-60.468,-24.551,Earthquake,10.0,,,6,MW,,,,,,,ISCGEM852823,ISCGEM,ISCGEM,ISCGEM,Automatic,1965-10-01T22:34:23.000+05:30,Moderate,7045.5723
10/03/1965,14:45:31,49.426,156.417,Earthquake,50.0,,,5,MW,,,,,,,ISCGEM852862,ISCGEM,ISCGEM,ISCGEM,Automatic,1965-10-03T14:45:31.000+05:30,Moderate,14076.34
10/03/1965,16:14:57,-42.969,-75.225,Earthquake,22.2,,,5,MW,,,,,,,ISCGEM852863,ISCGEM,ISCGEM,ISCGEM,Automatic,1965-10-03T16:14:57.000+05:30,Moderate,8811.662
10/07/1965,03:36:02,12.347,114.485,Earthquake,20.0,,,5,MW,,,,,,,ISCGEM852946,ISCGEM,ISCGEM,ISCGEM,Automatic,1965-10-07T03:36:02.000+05:30,Moderate,12663.202
10/10/1965,17:25:41,-59.225,-25.091,Earthquake,20.0,,,5,MW,,,,,,,ISCGEM853033,ISCGEM,ISCGEM,ISCGEM,Automatic,1965-10-10T17:25:41.000+05:30,Moderate,6937.9263
10/12/1965,13:41:01,56.19,-153.615,Earthquake,25.0,,,5,MW,,,,,,,ISCGEM853083,ISCGEM,ISCGEM,ISCGEM,Automatic,1965-10-12T13:41:01.000+05:30,Moderate,13332.18
10/16/1965,08:22:55,3.113,128.558,Earthquake,192.4,,,5,MW,,,,,,,ISCGEM853158,ISCGEM,ISCGEM,ISCGEM,Automatic,1965-10-16T08:22:55.000+05:30,Moderate,14287.507
10/17/1965,01:53:35,-7.981,156.287,Earthquake,15.0,,,5,MW,,,,,,,ISCGEM853181,ISCGEM,ISCGEM,ISCGEM,Automatic,1965-10-17T01:53:35.000+05:30,Moderate,17241.182
10/18/1965,21:50:07,-1.28,127.725,Earthquake,25.0,,,6,MW,,,,,,,ISCGEM853224,ISCGEM,ISCGEM,ISCGEM,Automatic,1965-10-18T21:50:07.000+05:30,Moderate,14201.143
10/19/1965,20:48:49,52.366,174.254,Earthquake,35.0,,,6,MW,,,,,,,ISCGEM853243,ISCGEM,ISCGEM,ISCGEM,Automatic,1965-10-19T20:48:49.000+05:30,Moderate,14167.607
10/23/1965,06:00:54,53.901,-165.403,Earthquake,45.0,,,5,MW,,,,,,,ISCGEM853331,ISCGEM,ISCGEM,ISCGEM,Automatic,1965-10-23T06:00:54.000+05:30,Moderate,13872.87
10/24/1965,14:32:11,4.203,125.787,Earthquake,145.1,,,5,MW,,,,,,,ISCGEM853357,ISCGEM,ISCGEM,ISCGEM,Automatic,1965-10-24T14:32:11.000+05:30,Moderate,13974.533
10/24/1965,18:15:10,49.646,156.116,Earthquake,60.0,,,5,MW,,,,,,,ISCGEM853361,ISCGEM,ISCGEM,ISCGEM,Automatic,1965-10-24T18:15:10.000+05:30,Moderate,14044.291
10/25/1965,22:34:24,44.12,145.389,Earthquake,170.0,,,6,MW,,,,,,,ISCGEM853391,ISCGEM,ISCGEM,ISCGEM,Automatic,1965-10-25T22:34:24.000+05:30,Moderate,14034.631
10/28/1965,08:58:27,-1.257,127.735,Earthquake,25.0,,,5,MW,,,,,,,ISCGEMSUP853445,ISCGEMSUP,ISCGEM,ISCGEM,Automatic,1965-10-28T08:58:27.000+05:30,Moderate,14202.298
11/03/1965,01:39:04,-9.031,-71.139,Earthquake,593.8,,,6,MW,,,,,,,ISCGEM852129,ISCGEM,ISCGEM,ISCGEM,Automatic,1965-11-03T01:39:04.000+05:30,Moderate,7937.2563
11/03/1965,18:21:08,-22.457,-113.788,Earthquake,15.0,,,6,MW,,,,,,,ISCGEM852145,ISCGEM,ISCGEM,ISCGEM,Automatic,1965-11-03T18:21:08.000+05:30,Moderate,12441.189
11/05/1965,19:01:04,-3.144,143.789,Earthquake,15.0,,,5,MW,,,,,,,ISCGEM852189,ISCGEM,ISCGEM,ISCGEM,Automatic,1965-11-05T19:01:04.000+05:30,Moderate,15975.528
11/06/1965,09:21:47,-22.126,-113.928,Earthquake,15.0,,,6,MW,,,,,,,ISCGEM852214,ISCGEM,ISCGEM,ISCGEM,Automatic,1965-11-06T09:21:47.000+05:30,Moderate,12461.483
11/12/1965,17:52:24,30.628,140.23,Earthquake,20.0,,,6,MW,,,,,,,ISCGEM852381,ISCGEM,ISCGEM,ISCGEM,Automatic,1965-11-12T17:52:24.000+05:30,Moderate,14611.686
11/13/1965,04:33:52,43.745,87.843,Earthquake,35.0,,,6,MW,,,,,,,ISCGEM852398,ISCGEM,ISCGEM,ISCGEM,Automatic,1965-11-13T04:33:52.000+05:30,Moderate,9834.291
11/13/1965,17:59:43,-29.414,-68.166,Earthquake,45.0,,,5,MW,,,,,,,ISCGEM852416,ISCGEM,ISCGEM,ISCGEM,Automatic,1965-11-13T17:59:43.000+05:30,Moderate,7905.564
11/14/1965,05:54:13,36.514,141.229,Earthquake,40.0,,,5,MW,,,,,,,ISCGEM852431,ISCGEM,ISCGEM,ISCGEM,Automatic,1965-11-14T05:54:13.000+05:30,Moderate,14322.0205
